,Folder,filename,label
0,Fire images,dsc_01001.jpg,1
1,Fire images,burning-charcoal-briquettes.jpg,1
2,Fire images,Chimney-Fire3.jpg,1
3,Fire images,canada-wildfire.jpg,1
4,Fire images,Living_Room_Camp_Fire.jpg,1
5,Fire images,32313rwev.jpg,1
6,Fire images,maxresdefault7896.jpg,1
7,Fire images,9_2_14_Andrea_Mexico_trash_1050_788_s_c1_c_c.jpg,1
8,Fire images,wildfire_smoke_1280x720_6014533759.jpg,1
9,Fire images,How-to-Set-a-Living-Room-on-Fire-with-VFX-in-4K.Still002.jpg,1
10,Fire images,house-fire-damage-03.jpg,1
11,Fire images,90713_Wichman_FIre_004A.jpg,1
12,Fire images,25A072C400000578-2951223-image-a-15_1423799067621.jpg,1
13,Fire images,nederland-wildfire.jpg,1
14,Fire images,132-img1.png,1
15,Fire images,maxresdefault6.jpg,1
16,Fire images,8679c62af3-lavvuliv.jpg-for-web-normal.jpg,1
17,Fire images,_91753989_capture.jpg,1
18,Fire images,House-Fire-3-Odegard.jpg,1
19,Fire images,Still1115_00000_1479245056445_7039374_ver1.0.jpg,1
20,Fire images,IMG00256.jpg,1
21,Fire images,hqdefault.jpg,1
22,Fire images,burning-charcoal-briquettes-closeup-14552988.jpg,1
23,Fire images,201307-restroom-fire-safety-fire1.jpg,1
24,Fire images,Fire-in-a-room.jpg,1
25,Fire images,d00cc0fe53897ff01f30eba713ac8ef0.jpg,1
26,Fire images,bus-fire.jpg,1
27,Fire images,image1609390x.jpg,1
28,Fire images,fire1.jpg,1
29,Fire images,fire.jpg,1
30,Fire images,Tornado Of Fire Caught On Tape In Australia Fire Twister.jpg,1
31,Fire images,14.jpg,1
32,Fire images,telugu-desam-office-fire_0.jpg,1
33,Fire images,office-fire_650_022415022412.jpg,1
34,Fire images,maxresdefault568.jpg,1
35,Fire images,maxresdefault.jpg,1
36,Fire images,COMEX-default.jpg,1
37,Fire images,image_update_img.jpg,1
38,Fire images,incendie-noel.jpg,1
39,Fire images,burn-wall-street.jpg,1
40,Fire images,20130611_100618_Black-Forest-Fire-engulfs-house.jpg,1
41,Fire images,burning-house.jpg,1
42,Fire images,Christmas-Tree-Fire-Safety.jpg,1
43,Fire images,Bedroom-fire-test-2-mins-1024x553.png,1
44,Fire images,dormfire_1.jpg,1
45,Fire images,90420_Ritter_Fire_A_031.jpg,1
46,Fire images,vance_ehmke_burning_farm_house_563cd154cf002.image_.jpg,1
47,Fire images,California+Wildfires_Rob072616e+(1).jpg,1
48,Fire images,800px-Fires_cross_a_hill_in_SoCal_October_2007.jpg,1
49,Fire images,10-9-15-2-400.jpg,1
50,Fire images,s4.reutersmedia.net.jpg,1
51,Fire images,fire storm.jpg,1
52,Fire images,27F1075800000578-0-image-a-1_1429880815919.jpg,1
53,Fire images,house_fire.jpg,1
54,Fire images,dsc7056.jpg,1
55,Fire images,nederland-fire-12.jpg,1
56,Fire images,450047458.jpg,1
57,Fire images,rs-237211-GettyImages-53372022.jpg,1
58,Fire images,pic1.jpg,1
59,Fire images,tree-fire.jpg,1
60,Fire images,wildfire1.png,1
61,Fire images,maxresdefault24.jpg,1
62,Fire images,4174776173_e8c26989cc_z.jpg,1
63,Fire images,wildfire.jpg,1
64,Fire images,burning-hause-1535712.jpg,1
65,Fire images,burning-house2.jpg,1
66,Fire images,wildfires cover_20161118150911007_6627016_ver1.0_640_360.jpg,1
67,Fire images,aggiecrk-wildfire-07072015-usfs-580.jpg,1
68,Fire images,bcws-carousel-2.jpg,1
69,Fire images,railroadstreet_11-27-2002_02.jpg,1
70,Fire images,house-fire1.jpg,1
71,Fire images,92983122.jpg,1
72,Fire images,mv11NWsbmdemo2.jpg,1
73,Fire images,wildfire4.jpg,1
74,Fire images,hqdefaultsdfsdf.jpg,1
75,Fire images,wildfire-coverage-521x308.jpg,1
76,Fire images,913_0.jpg,1
77,Fire images,kjlkmnjkl;'.jpg,1
78,Fire images,burning-houses-1-300x214.jpg,1
79,Fire images,11_10_19-mjs_ft_hotel-fire_19183862.jpg,1
80,Fire images,article-urn publicid ap.org d8f7d3843cf1498b9ca96b1195c90427-3Y8qqBnFtobb1933fd918ac4b382-364_634x422.jpg,1
81,Fire images,150602191030-austin-texas-dashcam-car-explosion-fire-large-169.jpg,1
82,Fire images,your-room1.jpg,1
83,Fire images,1d797f4e7f3a3ba45ac26472b19afa0e.jpg,1
84,Fire images,FIR_LKC_ART_01_Detectingfire_bedroomfire.jpg,1
85,Fire images,maxresdefault23.jpg,1
86,Fire images,FlamesEverett House Fire.transfer_1461845684828_4041471_ver1.0_640_360.jpg,1
87,Fire images,SOURCE-TappenFire-A12.png,1
88,Fire images,s3.reutersmedia.net.jpg,1
89,Fire images,ebc22de83a24c73fe9a363709c702e41.jpg,1
90,Fire images,13518572.jpg,1
91,Fire images,X-Files_Office_on_fire.jpg,1
92,Fire images,2CDDD98D00000578-3246257-image-a-30_1443454943645.jpg,1
93,Fire images,girl-on-fire-01.jpg,1
94,Fire images,EP-151129597.jpg&MaxW=960&imageVersion=default&NCS_modified=20151124094359.jpg,1
95,Fire images,fire-and-truck-desert-an-aerial-view-of-a-very-small-fire-on-the-side-of-a-road-in-a-rural-desert-landscape-a-green-tractor-stands-by-as-the-fire-burns_bdglz60p8__M0000.jpg,1
96,Fire images,13518571.jpg,1
97,Fire images,22eqf.jpg,1
98,Fire images,f53d6194d2a38227e8ccbf91b42656c8.jpg,1
99,Fire images,incendiu-acoperis.jpg,1
100,Fire images,o-WASHINGTON-FIRE-900.jpg,1
101,Fire images,room-fire.jpg,1
102,Fire images,christmas_tree_fire.jpg,1
103,Fire images,fire 22323.jpg,1
104,Fire images,2853723335_44fdafb8fa_o.jpg,1
105,Fire images,437438_616553-20151008-sprinkler_D.jpg,1
106,Fire images,1.jpg,1
107,Fire images,images.jpg,1
108,Fire images,mfs_fire_investigation_image_bedroom_with_candles_2.jpg,1
109,Fire images,132343342_21n.jpg,1
110,Normal images,40e922a594c05b55618a62ee6e6cd0c3 (1).jpg,0
111,Normal images,1526t.jpg,0
112,Normal images,23e90181fcef550cffae7c4ff77e566d.jpg,0
113,Normal images,157_TypicalOffice-1024x881.jpg,0
114,Normal images,aes7.jpg,0
115,Normal images,7bfa705a0e9058e8e33494bbe76a330c.jpg,0
116,Normal images,080502-AirportsHong Kong.grid-6x2.jpg,0
117,Normal images,1ea2139c58e480cf9d31d8412aafc2e3.jpg,0
118,Normal images,a354f9825da1a38062b2a8dd711d8500.jpg,0
119,Normal images,2_Norway-best-country-in-the-world.jpg,0
120,Normal images,241996-2560x1920.jpg.600x350_q85_crop.jpg,0
121,Normal images,3344142642_c4d3bfa042_b.jpg,0
122,Normal images,_91175853_a53933fd-a2e4-48aa-bbc5-735e4110cb0b.jpg,0
123,Normal images,2879429718_f6a88de41d_b.jpg,0
124,Normal images,7ad3fe1d3bd5970e6ed98d5cfc0b5c08.jpg,0
125,Normal images,631b059038ae6882594cdcf2c733cee1.jpg,0
126,Normal images,636183447534012101-DSC-2429.jpg,0
127,Normal images,65a10dc9e3ca143b6b8649191b81f665.wix_mp_1024.jpg,0
128,Normal images,13180942_585627594925764_312096060_n.jpg,0
129,Normal images,a-golden-bedroom-with-a-feng-shui-glow.jpg,0
130,Normal images,1172602861_9119803ed4.jpg,0
131,Normal images,80406309.jpg,0
132,Normal images,4d97215bd7b0c4672f62c62cebaf38c7.jpg,0
133,Normal images,264929c131741c20f3a5e306a6c8b67d.jpg,0
134,Normal images,82143-erYd3aYdaDFXh_ff3VC9MA.jpg,0
135,Normal images,63dff179cc922e5f20ace4ec44e445f4.jpg,0
136,Normal images,20150930-Einzelzimmer.jpg,0
137,Normal images,a-fairly-typical-open-office.jpg,0
138,Normal images,158.jpg,0
139,Normal images,5f0cd5dd1c13b489e3740a141c679699.jpg,0
140,Normal images,1411579788990_wps_176_Pictures_by_Pal_Jakobsen_.jpg,0
141,Normal images,500_F_128074665_71JRncSY29Pdumr6kt8sPLYvByWxeWXc.jpg,0
142,Normal images,1f5cc65c_original.jpg,0
143,Normal images,3631119830_7be2edf6aa_z.jpg,0
144,Normal images,0.07180100_1442390923_.jpg,0
145,Normal images,0a9c1e71be2d6c80bb7b7ea7d353fb42.jpg,0
146,Normal images,5724aaf0e4b00a870d466396_853x480_U_v1.jpg,0
147,Normal images,AAEAAQAAAAAAAAKvAAAAJDY3MzVhYTUwLTY2ODktNDY5NC1hYWZjLWE4MjZmYmY0NzU1ZA.jpg,0
148,Normal images,6587c2f0d1e9e056c1f18e65b3fbe7b5.jpg,0
149,Normal images,ar12811389210669.jpg,0
150,Normal images,167713535.jpg,0
151,Normal images,15617910028_8d4c6b714c_b.jpg,0
152,Normal images,02-icehouse-louisiana-coworking-office.jpg,0
153,Normal images,14.jpg,0
154,Normal images,AAEAAQAAAAAAAAjsAAAAJGFlM2QxZTU2LTJjNTEtNGY5OC04OWFhLTgwODA3OTBiN2ZkNA.jpg,0
155,Normal images,1427216352-2tkd-northern-lights-senja-norway.jpg,0
156,Normal images,amsterdam_canal_houses_at_night_by_busterbrownbb-d5g1z9c.jpg,0
157,Normal images,8ad01fe9c81a663751883dae687bd8e0.jpg,0
158,Normal images,1010212.jpg,0
159,Normal images,a5f17e0b3dd5ed56bf5744f600b5c28b.jpg,0
160,Normal images,1453758_orig.jpg,0
161,Normal images,AspenSongBird.jpg,0
162,Normal images,3453064b0e3bcfb44dfea8fee4159706.jpg,0
163,Normal images,65a10dc9e3ca143b6b8649191b81f665.wix_mp_1024 (1).jpg,0
164,Normal images,18 Petroglyphs Atlatl Rock.jpg,0
165,Normal images,_JOB7140_728_484_70_c1_t_l.jpg,0
166,Normal images,24551b883de1686d35e953d43312dedf.jpg,0
167,Normal images,8f4eaec213662be924ae9e7a99d20b11.jpg,0
168,Normal images,700c959d9d4a1ae442592fceac6cb42eb915eca669fbd988bce10911a32f6253.jpg,0
169,Normal images,5983c29594905fdd0be9d691c036c90b0603f68d.jpg,0
170,Normal images,98314964.jpg,0
171,Normal images,385Springwater Trailer Resort.jpg,0
172,Normal images,98282906.jpg,0
173,Normal images,360px-Greenmountains.jpg,0
174,Normal images,3028310B00000578-3398915-image-a-2_1452764691811.jpg,0
175,Normal images,080417_4706.jpg,0
176,Normal images,9544.jpg,0
177,Normal images,952111662014LEUDLAV.jpg.png,0
178,Normal images,1444.jpg,0
179,Normal images,12.jpg,0
180,Normal images,45d893bb4a9e15e3ea7aab81ec783e7c.jpg,0
181,Normal images,156ddbd4bb2536343afe883a9ad11b5d.jpg,0
182,Normal images,2014-01-21-RTKLLONDON.jpg,0
183,Normal images,article-2018976-0D29840100000578-237_634x384.jpg,0
184,Normal images,348s.jpg,0
185,Normal images,4edcf7037ce106b5bc300f99ef671a91_936_425.jpg,0
186,Normal images,0921231903.jpeg,0
187,Normal images,2e17fb5d-3f0a-4fa8-ba01-1101ce80d158.1.10.jpg,0
188,Normal images,49-Great-Room-Design3.jpg,0
189,Normal images,920x920.jpg,0
190,Normal images,54ff8227d6954-living-room-gold-orange-xln.jpg,0
191,Normal images,366176-office.jpg,0
192,Normal images,72065.jpg,0
193,Normal images,18-parade.jpg,0
194,Normal images,20160711044639758.jpg,0
195,Normal images,article-0-15CB7791000005DC-25_634x497.jpg,0
196,Normal images,76e108150890ac29_6362-w500-h400-b0-p0--traditional-family-room.jpg,0
197,Normal images,10.jpg,0
198,Normal images,3q4.jpg,0
199,Normal images,6-Wonderful-European-Vacation-Alternatives-in-North-America-81e5e534378c496bb12762e1d8978cc5.jpg,0
200,Normal images,29a74da6d3a8a4577a43d76b519128c1.jpg,0
201,Normal images,4551643-interior-of-the-modern-conference-hall.jpg,0
202,Normal images,906a126cd675836e17f24837ff7ade1b.jpg,0
203,Normal images,2-HootSuite-blog-0534.jpg,0
204,Normal images,43c82e58f5cfdb1e3483be00a9720684.jpg,0
205,Normal images,873860-winter-in-voss-norway.jpeg,0
206,Normal images,8471644323_90981b7693.jpg,0
207,Normal images,095728210-b1281187-105e-40db-8fff-2f2d5091110a.jpg,0
208,Normal images,7875419_4_z.jpg,0
209,Normal images,ask-history-who-built-the-first-automobile-464493489-E.jpeg,0
210,Normal images,9129708.jpg,0
211,Normal images,289259543-business-meeting-salle-de-conference-discuter-debattre-collegues.jpg,0
212,Normal images,2016-Ford-Mustang-GT-burnout-red-tire-smoke.jpg,0
213,Normal images,435bfd95-3be2-4be0-b909-36e5e607078b.jpg,0
214,Normal images,041212_BIZ_Hook_Logic_MRM_03_display.jpg,0
215,Normal images,Amanda Aitken Article Image 2.jpg,0
216,Normal images,1578587.jpg,0
217,Normal images,20150419EUROPEANSTREETS-slide-ID9Z-articleLarge.jpg,0
218,Normal images,2-640x400.jpg,0
219,Normal images,2015-Automobile-Magazine-All-Stars-627x416.png,0
220,Normal images,4c753813768b747811d11ffdd5dcebb5.jpg,0
221,Normal images,394_original.jpg,0
222,Normal images,1truck_web.jpg,0
223,Normal images,aeroport-francfort.jpg,0
224,Normal images,20090804-Reine-Panorama.jpg,0
225,Normal images,65c288db48faa04662a56deb59a8db1c.jpg,0
226,Normal images,08-Great Room.jpg,0
227,Normal images,040210_Aurora_011.jpg,0
228,Normal images,a62fdb68649fa65f41872c01a058bd58.jpg,0
229,Normal images,22ffsfg.jpg,0
230,Normal images,1104525.jpg,0
231,Normal images,Adamsafter.jpg,0
232,Normal images,arnold-living-room-0515.jpg,0
233,Normal images,20bd07c102708fc2c1357735894fdac0.jpg,0
234,Normal images,2ebfde6fa65f395b1e23f0b7b54b561d.jpg,0
235,Normal images,AdvisoryCouncilMeeting477x318.jpg,0
236,Normal images,14566688_115393625608382_6451053875163037696_n.jpg,0
237,Normal images,36701_133427340015458_133421316682727_259449_2221369_n.jpg,0
238,Normal images,4.jpg,0
239,Normal images,142094477.jpg,0
240,Normal images,715d8b45abe42c92abd0c6549342507f.jpg,0
241,Normal images,014-taal-crater-lake_586DA81BD8A34008B4CFFA1B2E206AFF.jpg,0
242,Normal images,156786897898.jpg,0
243,Normal images,40e922a594c05b55618a62ee6e6cd0c3.jpg,0
244,Normal images,4205c7bf872ff65b5569a54616e7fc4b.jpg,0
245,Normal images,6-beautiful-ice-caves-patagonia-5.jpg,0
246,Normal images,1200_ded3cdcfdca66b2fc57ee8d9bbc6c827.jpg,0
247,Normal images,5.jpg,0
248,Normal images,19496.jpg,0
249,Normal images,012038.jpg,0
250,Normal images,airport-7591.jpg,0
251,Normal images,0bfdc7cd49e09851cc7063ffaf20bf3a.jpg,0
252,Normal images,article-2561466-1BE9F3FA00000578-681_634x415.jpg,0
253,Normal images,article-1389742-0E432C8C00000578-832_634x436.jpg,0
254,Normal images,175822886.jpg,0
255,Normal images,400c4254c626f0c30cdac33547ec8693_original.jpg,0
256,Normal images,2012-ferarri-f12-berlinetta.jpg,0
257,Normal images,281249_maroko-atlas-afp_f.jpg,0
258,Normal images,111052980.jpg,0
259,Normal images,723438-norway-memorial.jpg,0
260,Normal images,45a4925c6329b15ac6184c868b78db14.jpg,0
261,Normal images,05e4f__Leshan-Giant-Buddha-China.jpg,0
262,Normal images,1.jpg,0
263,Normal images,2332.jpg,0
264,Normal images,amazing-modern-living-room-design-with-white-brown-walls.jpg,0
265,Normal images,813e6b10-848b-478e-a471-480f14eeb271.1.10.jpg,0
266,Normal images,201504-connect-norway-horizontal-1b.jpg,0
267,Normal images,690x380-Lake-Tahoe-Summer-Emerald-Bay.jpg,0
268,Normal images,AAEAAQAAAAAAAAJqAAAAJDAwNDUwNDAwLWUwYTAtNDlmNy1iNjk4LTY2NDk1NzFjMDI3OQ.jpg,0
269,Normal images,day7_8.jpg,0
270,Normal images,deluxe-room-01.jpg,0
271,Normal images,file=5CF84195797947C67C2C3DE93B6C3ED49B483E0A.jpg&dh=532&dw=800&cropX=0&cropY=0&cropH=681&cropW=1024.jpg,0
272,Normal images,atlantic-road-norway-6.jpg,0
273,Normal images,doc_14_4.jpg,0
274,Normal images,cglb-deluxe.jpg,0
275,Normal images,Haikou Mingguang hotel_deluxe room.jpg,0
276,Normal images,Bodoe_aug2010x17.jpg,0
277,Normal images,d=23&p=9970&t=4.jpg,0
278,Normal images,exterior-paint-colors-for-houses.jpg,0
279,Normal images,deluxe-room-02.jpg,0
280,Normal images,Glamorous-Living-Room-Decor-Ideas-with-Crystalist-Chandelier-Lightings-Furnished-with-White-Sofa-and-Chair-plus-White-Table-and-Round-Ottoman-on-Thick-Rug.jpg,0
281,Normal images,Great+Room.jpg,0
282,Normal images,Atlantic-Road-Norway-4.jpg,0
283,Normal images,bce8306b7c28fd808d52e831260b194b.jpg,0
284,Normal images,deluxe-room-03.jpg,0
285,Normal images,DSC_0191.JPG,0
286,Normal images,flathead-lake-montana-8.jpg,0
287,Normal images,dubai-airport2.jpg,0
288,Normal images,Fjords of Norway.jpg,0
289,Normal images,buntzen-lake-full-width-nature.jpg,0
290,Normal images,dizain-na-osvetlenieto4.jpg,0
291,Normal images,C201409001_C1.jpg,0
292,Normal images,Bahnhofstrasse-2B-Zurich-2C-2BSwitzerland-2Btop-2B5-2Bbest-2Bshopping-2Bstreet-2B21.png,0
293,Normal images,CreativeOffice_3_LgLand.jpg,0
294,Normal images,autumn-sunset-sky.jpg,0
295,Normal images,"Geirangerfjord, Norway 6-L.jpg",0
296,Normal images,Conference_Room_CHENG_Ze.jpg,0
297,Normal images,G044.jpg,0
298,Normal images,cdnassets.hw.net.jpg,0
299,Normal images,fe4d6738c20d6063f34637ed6b56228e.jpg,0
300,Normal images,DSC5740_HDR-blog-1600px.jpg,0
301,Normal images,csm_Norwegen-Slider-1-WEB_481d92d85e.jpg,0
302,Normal images,black-and-beige-room.jpg,0
303,Normal images,ES_execconfroom_6_712x342_FitToBoxSmallDimension_Center.jpg,0
304,Normal images,Business-Meeting-Etiquette.jpg,0
305,Normal images,B_Id_225951_norway.jpg,0
306,Normal images,fairy-tale-viking-architecture-norway-8__880.jpg,0
307,Normal images,cph_virt2.jpg,0
308,Normal images,Don-Mueang-International-Airport.jpg,0
309,Normal images,fire-featured.jpg,0
310,Normal images,f90f62c721068418828c0d99b5d892d0.jpg,0
311,Normal images,Beautiful-Morrocan-style-for-bedroom-design-2-530x424.jpg,0
312,Normal images,atlantic-ocean-road-norway.jpg,0
313,Normal images,Barcode-Oslo-Norway-2-1_bd5d9b33-a6cf-4db3-b77d-ff8ca69f8edf.jpg,0
314,Normal images,dark-red-living-room.jpg,0
315,Normal images,choosing-right-cctv-for-office.jpg,0
316,Normal images,blue-ice-throstur-1.jpg,0
317,Normal images,Bold-Red-Colors-Decoration-in-Modern-Teen-Bedrooms.jpg,0
318,Normal images,CCTV-in-supermarket.jpg,0
319,Normal images,cool-home-office-ideas-and-get-inspired-to-redecorate-your-Home-Office-with-these-decorative-Home-Office-ideas-1.jpg,0
320,Normal images,DSCN1146-600x350.jpg,0
321,Normal images,ce17da98fd0525cbe7ea1816b90fe4d9.jpg,0
322,Normal images,Gingerbread_House_Essex_CT.jpg,0
323,Normal images,canvas-press_custom-wallpaper_conference_room.jpg,0
324,Normal images,Elagant-Office-Meeting-Room-Design.jpg,0
325,Normal images,fireplace-with-no-fire.jpg,0
326,Normal images,dad00d78-c771-4a5f-9dcd-7be5814a7e7f.1.10.jpg,0
327,Normal images,european-room-denver-2.jpg,0
328,Normal images,Crater-Lake-at-the-Mouth-of-Taal-Volcano-in-Luzon-Philippines.jpg,0
329,Normal images,gallery-1428596092-home-sweet-home-living-room-0515.jpg,0
330,Normal images,crystal-cave-8.jpg,0
331,Normal images,f16-small-meeting-roompost.jpg,0
332,Normal images,bangkok-airport3.jpg,0
333,Normal images,f0e56866db7a2b2b7ce8fb1c6fa9a6c1bf6d951b443cec372c0f7fed6bbdb947.jpg,0
334,Normal images,Carson-City-Retail-Interior-Design1.png,0
335,Normal images,Hero_O365ForBusiness_1920x560.jpg,0
336,Normal images,grimstad gaagate 02.jpg,0
337,Normal images,e389ecba7de8e3645ee346d3d19703b6.jpg,0
338,Normal images,european-room-denver-3.jpg,0
339,Normal images,Dublin_shutterstock_111481523_800x.jpg,0
340,Normal images,atlantis-092712-328_1.jpg,0
341,Normal images,cheap-backyard-landscaping-ideas-pictures.jpg,0
342,Normal images,coastal-norway-kirkefjorden-lofoten-island-peaks-615.jpg,0
343,Normal images,DT_meeting2_53_677x380_FitToBoxSmallDimension_Center.jpg,0
344,Normal images,bfed338d24.jpg,0
345,Normal images,euro-standards_728_410_70_c1_t_l.jpg,0
346,Normal images,Farah-Conference-Room.jpg,0
347,Normal images,hd-mediaitemid19113-1996.jpg,0
348,Normal images,Grand-Deluxe-Room-King-Bed-Big32201584154.jpg,0
349,Normal images,crowne-plaza-rome-4393591168-4x3.jpg,0
350,Normal images,gty_open_plan_office_ll_130701_33x16_1600.jpg,0
351,Normal images,bergen-norway-streets_11921_600x450.jpg,0
352,Normal images,HGOYD202H_sad-neglected-backyard-before.jpg.rend.hgtvcom.966.725.jpeg,0
353,Normal images,home-image-small.jpg,0
354,Normal images,contemporary-family-room.jpg,0
355,Normal images,great-spot-absolutely.jpg,0
356,Normal images,f9f940136732b21b0ec69a392757d6cf.jpg,0
357,Normal images,Atlas_Mountain_range.jpg,0
358,Normal images,ballroom2.jpg,0
359,Normal images,GGBR02024A.jpg,0
360,Normal images,best_western_mornington_hotel_london.jpg,0
361,Normal images,Furmanek_blue010_3463757c.jpg,0
362,Normal images,bn-0.jpg,0
363,Normal images,homeland-stavanger-wooden.jpg,0
364,Normal images,b4d7b6e907c47ebb74058bac9d1953f1d138cb43b660420e4e42037915b11720.jpg,0
365,Normal images,Gift_Shop_52.jpg,0
366,Normal images,four-rooms.jpg,0
367,Normal images,grimstad_panorama.jpg,0
368,Normal images,gazebo1.jpg,0
369,Normal images,geneva-shopping-street.jpg,0
370,Normal images,case_study_large_image_182_large.jpg,0
371,Normal images,eastern-europe-street-gr.jpg,0
372,Normal images,conference-room2.jpg,0
373,Normal images,CM1.jpg,0
374,Normal images,b33375c5ff1a2f222ebdca2b0046eecc.jpg,0
375,Normal images,e3d93d96e76e00a0c1df99a94f33c921.jpg,0
376,Normal images,Helgeland-hiking-Rodoy-Norway-2-1_c3ea0777-bf05-4677-98ca-a6028c3d0564.jpg,0
377,Normal images,dalen-i-telemark.jpg,0
378,Normal images,dusk_756x350.jpg,0
379,Normal images,eclectic-living-room.jpg,0
380,Normal images,Christmas-Street-Stockholm.jpg,0
381,Normal images,glacier.jpg,0
382,Normal images,f301e43bcd7a738afc1f7926ced876da.jpg,0
383,Normal images,beautiful-village-norway.jpg,0
384,Normal images,atlantic-road-norway-4fv.jpg,0
385,Normal images,boardroom.jpg,0
386,Normal images,Feng-Shui-your-Bedroom-98135424-web.jpg,0
387,Normal images,Athens-International-Airport.jpg,0
388,Normal images,atlantic-ocean-road62.jpg,0
389,Normal images,board-room.jpg,0
390,Normal images,Gullivers-0840-small-8c1235a8.png,0
391,Normal images,avtomobili-anketa-1.jpg,0
392,Normal images,Birds Nest.jpg,0
393,Normal images,da97b0fd08647c127e2912608c6bf9b7.jpg,0
394,Normal images,attachment-image-1cfe3cc1-a2b6-402c-a50e-8436e4f7f3c2.jpg,0
395,Normal images,c77e354d46f7e8cc7babe8fdf8f93c76.jpg,0
396,Normal images,city_streets2_800.JPG,0
397,Normal images,grimstad gate 02.jpg,0
398,Normal images,b3ba28f17af4917649fe0c08bc523922.jpg,0
399,Normal images,gty_employees_working_office_jt_121218_wb.jpg,0
400,Normal images,e20bdf8a3c4198fcb9b64ee003254f64.jpg,0
401,Normal images,darcy434_largeimage.jpg,0
402,Normal images,En-Route-Stuck-with-a-Cancelled-Flight-in-Hong-Kong-International-Airport-9426.jpg,0
403,Normal images,Christmas-shopping-at-Roros-norway_4df73061-0f32-4f3f-8d35-0f88fa121632.jpg,0
404,Normal images,california-palm.jpg,0
405,Normal images,efe.jpg,0
406,Normal images,Hero_2007Upsell_1920x560.jpg,0
407,Normal images,Hotel_Monterey_La_Soeur_Osaka_standard_twin_bedroom_20121102-001.jpg,0
408,Normal images,house5.jpg,0
409,Normal images,mi-plage-hawai.jpg,0
410,Normal images,JB224_03_Colourful_christmas_table_setting_in_red_and_gold_with_roses_and_candlelight_and_christmas_tree.jpg,0
411,Normal images,Interior Design Ideas (3).jpg,0
412,Normal images,meeting.jpg,0
413,Normal images,Innfjorden-cruise-boat-romsdalsfjorden-rauma-norway-2-1_ecfd17ae-9a5b-4dce-aa53-05696299858c.jpg,0
414,Normal images,large-meeting-room.jpg,0
415,Normal images,hotel.jpg,0
416,Normal images,images34.jpg,0
417,Normal images,khon_kaen_photo_36.jpg,0
418,Normal images,index.jpg,0
419,Normal images,img31.jpg,0
420,Normal images,meda_bia_class_0.jpg,0
421,Normal images,large_mpceb_DeluxeTwinRoom.jpg,0
422,Normal images,Liberia-terminal_newsfull_h.jpg,0
423,Normal images,living-room-astounding-living-room-design-with-l-shaped-sofa-and-white-table-on-the-orange-rug-and-dark-floor-complete-with-brown-wicker-egg-chairs-also-fireplace-living-room-makeovers-ideas-936x701.jpg,0
424,Normal images,Meeting room with people.jpg,0
425,Normal images,LimeLightsDallas.812.jpg,0
426,Normal images,Light-wood-white-interior.jpg,0
427,Normal images,living-room-european-appartment.jpg,0
428,Normal images,iyyt.jpg,0
429,Normal images,Location_Eurocopter-EC145_Mercedes-Style-www.acarinparis.com_location_voiture_luxe_paris.jpg,0
430,Normal images,Input-Group-King's-Cross-St-Pancras-Travel-CCTV-Back-Office.jpg,0
431,Normal images,maxresdefault.jpg,0
432,Normal images,ist_ataturk_08_0116_2.jpg,0
433,Normal images,Kristiansund_Atlanticrd_740.jpg,0
434,Normal images,leshan_china_buddha.jpg,0
435,Normal images,img_0465.jpg,0
436,Normal images,Lake-Edward.jpg,0
437,Normal images,irodaikomfort.jpg,0
438,Normal images,Late_model_Ford_Model_T.jpg,0
439,Normal images,Meeting room with people2.jpg,0
440,Normal images,living-room-large-big-interior-design-2.jpg,0
441,Normal images,llanelli-fire-red-room.jpg,0
442,Normal images,JEs238e.jpg,0
443,Normal images,Le-Meridien-Piccadilly--Club-Room.jpg,0
444,Normal images,maxresdefault343.jpg,0
445,Normal images,lister_schaffer.jpg,0
446,Normal images,messy-office-space.jpg,0
447,Normal images,image3tffh.jpg,0
448,Normal images,lighting-in-interior-design-interior-home-lighting-lovely-for-your-interior-design-of-bedrooms-ideas.jpg,0
449,Normal images,house-with-lights-on.jpg,0
450,Normal images,Lofoten-800px-Raftsundet_from_Raftsund_Bridge_2010_September.jpg,0
451,Normal images,Lofoten-islands-Norway-are-known-for-white-sand-beaches-and-vertical-Granite-fjords..-But-most-of-al.jpg,0
452,Normal images,jan-2011-free-oslo_27226_600x450.jpg,0
453,Normal images,IMG_0285.jpg,0
454,Normal images,Le-Meridien-Piccadilly--Classic-Room.jpg,0
455,Normal images,maxresdefaultvfv.jpg,0
456,Normal images,iStock_000020716385Large-1024x683.jpg,0
457,Normal images,idol_line_art.jpg,0
458,Normal images,house off lincoln road night.jpg,0
459,Normal images,mda.jpg,0
460,Normal images,hotel-continental-marienbad-room-standard-10.jpg,0
461,Normal images,modern-living-room-with-TV-Neopolis.jpg,0
462,Normal images,Hot-in-Cleveland-house-at-night-front.jpg,0
463,Normal images,HX_meetingroom_9_425x303_FitToBoxSmallDimension_Center.jpg,0
464,Normal images,la-airport-1024x758.jpg,0
465,Normal images,meetings.jpg,0
466,Normal images,mountains-Kirkjufe_3374110a-large.jpg,0
467,Normal images,Lappis_gkok-1024x681.jpg,0
468,Normal images,London-Office--tojpeg_1431338424080_x2.jpg,0
469,Normal images,main-qimg-f42d9fe3ea8e255dece2196f1e588ce0-c.jpg,0
470,Normal images,images1594234_Cadillac_57_1918_Sieber_Copyright_Egger_eu_moto_images_classic_cars_5001.jpg,0
471,Normal images,modern-landscape-design-14a.jpg,0
472,Normal images,img_4965_640x427.jpg,0
473,Normal images,Lofoten-Norway-Northern-Lights-13.jpg,0
474,Normal images,interior-design-living-room-unique-with-images-of-interior-design-exterior-in-ideas.jpg,0
475,Normal images,images.jpg,0
476,Normal images,image.jpg,0
477,Normal images,moving-green-mountains.jpg,0
478,Normal images,image.aspx.jpg,0
479,Normal images,norway_streets.jpg,0
480,Normal images,n36036_kitchen_01.jpg,0
481,Normal images,Norway-Tromso-Northern-Lights-xlarge.jpg,0
482,Normal images,Ramadan-Decorations-Jerusalem.jpg,0
483,Normal images,real-journeys-400x400x.jpg,0
484,Normal images,normal-room-with-private.jpg,0
485,Normal images,narrow-shopping-street-in-macau-china-ae1twt.jpg,0
486,Normal images,PJ-BE591_WORKFA_G_20120103214537.jpg,0
487,Normal images,Parish-Council-Annual-Meeting-2012.jpg,0
488,Normal images,narrowst3_barca.jpg,0
489,Normal images,red-house.png,0
490,Normal images,office-05.jpg,0
491,Normal images,Pangu-7-Star-Hotel-Beijing-Chambre-Executive.jpg,0
492,Normal images,NBR_Santa_Monica_Mountains_no_headline_111212_kfr.jpg,0
493,Normal images,office-googlereuse.jpg,0
494,Normal images,phuket-bus-station.jpg,0
495,Normal images,plates-on-wall-cottage-living-room.jpg,0
496,Normal images,n36036_living_01.jpg,0
497,Normal images,pic_The-conference-room-Sits-up-to-35-people_577093_large.jpg,0
498,Normal images,parkingdayLX-0382.jpg,0
499,Normal images,office3.jpg,0
500,Normal images,plages-a-la-montagne_1011303.jpg,0
501,Normal images,Noorwegen 12.jpg,0
502,Normal images,Office_of_the_Wikimedia_Foundation.jpg,0
503,Normal images,QzOffice-750x400-c-default.jpg,0
504,Normal images,north-norway-1.jpg,0
505,Normal images,officedsdg.jpg,0
506,Normal images,MW-AU747_wolf_t_20120924164002_MG.jpg,0
507,Normal images,Northern-Lights-over-Tromso-Troms-Northern-Norway_911507f0-262b-4cac-921c-eb71dbc3466e.jpg,0
508,Normal images,norway-fjord-beautiful.jpg,0
509,Normal images,pexels-photo-41118.jpeg,0
510,Normal images,o-BRIGHT-LIGHTING-ROOM-LAMP-facebook.jpg,0
511,Normal images,norway-landscape-photography-scandinavian-nature-4.jpg,0
512,Normal images,office-9.jpg,0
513,Normal images,office-cctv-cameras-400x2661.jpg,0
514,Normal images,norway-school-trips-geirangerfjord-vn.jpg,0
515,Normal images,Office-Space-Photo-Open-Design.jpg,0
516,Normal images,New Picture (26).jpg,0
517,Normal images,plot-projects-overview-big_image_url-1403254458.jpg,0
518,Normal images,norway-landscape-photography-scandinavian-nature-1.jpg,0
519,Normal images,open-plan-office-with-people.jpg,0
520,Normal images,New-Natural-Waterfall-HD-Wallpaper-Collection-2013-For-PC-4.jpg,0
521,Normal images,Open-plan-office-2.jpg,0
522,Normal images,quilotoa.jpg,0
523,Normal images,oslo-city.jpg,0
524,Normal images,Problem-smoke-bedroom.jpg,0
525,Normal images,nord.jpg,0
526,Normal images,PriceLake.jpg,0
527,Normal images,Multipurpose-home-office-design-with-unique-table-and-quartz-countertop.jpg,0
528,Normal images,neath_port_talbot_conference_meeting_v_Neath_Port_Talbot_Conference_Meeting_Rooms_.jpg,0
529,Normal images,p1170311.jpg,0
530,Normal images,Narita_International_Airport_Terminal_2_counters_(1).JPG,0
531,Normal images,Public-Office.jpg,0
532,Normal images,oslo t01.JPG,0
533,Normal images,potd01083110.jpg,0
534,Normal images,norway_memorial_26apr12-878x585.jpg,0
535,Normal images,Office.jpg,0
536,Normal images,norway___view_of_the_geiranger_by_agivega.jpg,0
537,Normal images,office_environment-googlereuse.jpg,0
538,Normal images,patagonia-and-atacama-national-geographic.jpg,0
539,Normal images,oslo t07.JPG,0
540,Normal images,red_room_sml.jpg,0
541,Normal images,mr_00098143.jpg,0
542,Normal images,P1010074sm.jpg,0
543,Normal images,New-York-Automobile-Show.jpg,0
544,Normal images,polycom-conference-room-1.jpg,0
545,Normal images,norway-northern-lights.jpg.adapt.945.1.jpg,0
546,Normal images,Norway-Troms-Tromso-Panorama-view.jpg,0
547,Normal images,normal-home-living-room-denbesten-real-estate-bloomington-rooms-1602-bensington-master-bedroom.jpg,0
548,Normal images,Perfect-Red-And-Gold-Rooms-45-With-Additional-with-Red-And-Gold-Rooms.jpg,0
549,Normal images,norway-gamle-bergen-museum.jpg,0
550,Normal images,mps-conv-store-model2.jpg,0
551,Normal images,office-conference-room-design-ideas_354725.jpg,0
552,Normal images,Picture-014.jpg,0
553,Normal images,p9200593.jpg,0
554,Normal images,norway.jpg,0
555,Normal images,open-offices.jpg,0
556,Normal images,norway-old-bergen-museum.jpg,0
557,Normal images,theoffice3.jpg,0
558,Normal images,tumblr_nhcrcizCaH1ty53xvo1_1280.jpg,0
559,Normal images,y5IQiH.jpg,0
560,Normal images,slettnes-light-house-nordkyn-norway-2-1_a115bf39-6e5b-4619-8b91-d943b330fe1d.jpg,0
561,Normal images,tumblr_inline_o6asxjqcCk1qgp297_500.jpg,0
562,Normal images,The-growing-sector-of-automobiles-in-India.jpg,0
563,Normal images,RMS_Red-living-room_Creynolds_s4x3.jpg.rend.hgtvcom.616.462.jpeg,0
564,Normal images,shopping_large.jpg,0
565,Normal images,xsylvia-hotel-queen-room.jpg.pagespeed.ic.hw9Tgtz7QM.jpg,0
566,Normal images,x14862823.jpg,0
567,Normal images,sunset24.jpg,0
568,Normal images,ttthumb-505x200.jpg,0
569,Normal images,xbR1sVO.png,0
570,Normal images,ryfylke_preikestolen_norway_tourist_attraction_forsand_a80257b5-f175-48d8-8e41-e60dbfa63d8d.jpg,0
571,Normal images,the_norwegian_national_opera_ballet_oslo_norway_2_1_516d1910-7fb8-4b87-8670-c1288f824cf0.jpg,0
572,Normal images,supermarket-1200x800-1024x682.jpg,0
573,Normal images,seminar-05.jpg,0
574,Normal images,white-and-orange-living-and-dining-room.jpg,0
575,Normal images,Sunset-Sky.png,0
576,Normal images,SverreHjornevik-FjordNorway.jpg,0
577,Normal images,Vardasen-House-13-850x1190.jpg,0
578,Normal images,Standard-single-1600x900.jpg,0
579,Normal images,W020160510630506554070.jpg,0
580,Normal images,Tromso.-Photo-credits-Bard-Loken-Innovatioin-Norway-e1397066188664.jpg,0
581,Normal images,ThinkstockPhotos-505230568-540x359.jpg,0
582,Normal images,rooms-image-small.jpg,0
583,Normal images,warm-tech-living-room.jpg,0
584,Normal images,Small_World_Social_Teamwork.jpg,0
585,Normal images,Romsdalsfjorden-rundt_lightbox_full_screen.jpg,0
586,Normal images,Supermarket_z_flagami_(ubt).JPG,0
587,Normal images,smart-pillowcase-sofas-completee-living-room-witn-minimalist-charity.jpg,0
588,Normal images,room.jpg,0
589,Normal images,success_78_pic_02.jpg,0
590,Normal images,visa_requirements_for_norway-56e03f4b96539.jpg,0
591,Normal images,Sprint_Image_960x5281-900x495.jpg,0
592,Normal images,thiet-ke-san-vuon-biet-thu-14.JPG,0
593,Normal images,small-conference1.jpg,0
594,Normal images,vaerl-fron-toppen.jpg,0
595,Normal images,virgo-penn-station-new-yorker-room-800.jpg,0
596,Normal images,skyline-midnight-sun-bodo-norway-2-1_99eca994-01e7-47b1-a370-b551d6f53552.jpg,0
597,Normal images,Vestregate_Grimstad.jpg,0
598,Normal images,xR7vfcy.jpg,0
599,Normal images,sygard_grytting_historic_hotel_lillehammer_norway_2_1_901e866d-9488-4b25-b5c9-6013159c60d3.jpg,0
600,Normal images,uncle-clay-s-house-of.jpg,0
601,Normal images,tumblr_nyrywkyp4Y1tql859o1_1280.jpg,0
602,Normal images,simply-rooms-suites.jpg,0
603,Normal images,small-room-medium.jpg,0
604,Normal images,tip-2-img-1.jpg,0
605,Normal images,Scandic-Grimstad-Exterior-surroundings.jpg,0
606,Normal images,W1siZiIsInVwbG9hZHMvcGxhY2VfaW1hZ2VzL2YyNzI0MDQyMTM2NjFlYzUxNl8xOTA3OTcxXzEwMTUxOTcxNTIyNjkxMjQ2XzE4NDU2MDc0OF9uLmpwZyJdLFsicCIsInRodW1iIiwieDM5MD4iXSxbInAiLCJjb252ZXJ0IiwiLXF1YWxpdHkgOTEgLWF1dG8tb3JpZW50Il1d.jpg,0
607,Normal images,slide_16575_230449_free.jpg,0
608,Normal images,thumb_TTQG.jpg,0
609,Normal images,typical-office-layout.jpg,0
610,Normal images,rs600x0deluxeoceanfrontviewroom.jpg,0
611,Normal images,typical-desk-setup.jpg,0
612,Normal images,sweden-landscape-wallpaper-1-1280x500.jpg,0
613,Normal images,room_image3324.jpg,0
614,Normal images,up5.jpg,0
615,Normal images,unnamed.jpg,0
616,Normal images,visionneuse7.jpg,0
617,Normal images,working-in-office.png,0
618,Normal images,Wesleyan_University_-_Russell_House_at_night_01.jpg,0
619,Normal images,Warm-Bedroom-Design-590x420.jpg,0
620,Normal images,vermont-tours-green-mountains.jpg,0
621,Normal images,thumbnail.jpg,0
622,Normal images,room-004.jpg,0
623,Normal images,rome-11oct22-5362_med.jpeg,0
624,Normal images,sunset-palms.jpg,0
625,Normal images,rooms-hotel-tbilisi-suite-bed-and-bathtub-city-view-a-01-x2.jpg,0
626,Normal images,sunset_sky_2_by_manichysteriastock-d3bjiec1.jpg,0
627,Normal images,ReineFishingVillage.jpg,0
628,Normal images,w300x200.jpg,0
629,Normal images,removals-companies2.jpg,0
630,Normal images,Scandic-Grimstad-Exterior-facade001.jpg,0
631,Normal images,sonnenuntergang-am-lake.jpg,0
632,Normal images,tumblr_ohha8jH8dr1rs81xfo1_500.jpg,0
633,Normal images,throstur-1.jpg,0
634,Normal images,slide-201512-norway-06.jpg,0
635,Normal images,sunset_by_koko_stock-d5ls8sf.jpg,0
636,Normal images,room1212.jpg,0
637,Normal images,virgo-esb-liberty-meeting-room-800.jpg,0
638,Normal images,salle-de-bains-amenagement-69157893.jpg,0
639,Normal images,Rent room stockholm.jpg,0
640,Normal images,tumblr_mfup9m6Ttl1r0n5y3o1_1280.jpg,0
641,Normal images,small7_main-street.jpg,0
642,Normal images,thumb2-ledjanaja-pewera-reka-led-vechnye-ldy.jpg,0
643,Normal images,room6_450_reload.jpg,0
644,Normal images,virgo-grand-central-meeting-room-800.jpg,0
645,Normal images,tumblr_inline_nj85l1oMaC1t5js1c.jpg,0
646,Normal images,SlackOffice1-640x427.jpg,0
647,Normal images,the-atlantic-norway.jpg,0
648,Normal images,stalag.jpg,0
649,Normal images,roros-town-street_2015.jpg,0
650,Normal images,wallpapers_1.jpg,0
651,Normal images,W1siZiIsInVwbG9hZHMvcGxhY2VfaW1hZ2VzL2YyNzI0MDQyMTM2NjFlYzUxNl8xNTAzMjAxNDQzODcuanBnIl0sWyJwIiwidGh1bWIiLCJ4MzkwPiJdLFsicCIsImNvbnZlcnQiLCItcXVhbGl0eSA5MSAtYXV0by1vcmllbnQiXV0.jpg,0
652,Normal images,romantic-bedrooms-bedrooms-and-red-color-schemes-on-pinterest-classic-bedroom-colors-red-768x511.jpg,0
